[
  {
    "_id": "650e9cf1ab8429ab9a16616b",
    "partner": "RUDRA CONSULTANCY ALL CAPS",
    "full_name": "Shashank Gupta",
    "phone_number": "8657095360",
    "pan_number": "AERPG6016DY",
    "aadhar_number": "667108885605",
    "lender_bank": "SBI",
    "amount": 40000,
    "createdAt": "2023-09-23T08:08:17.799Z",
    "updatedAt": "2023-09-23T08:08:17.799Z",
    "__v": 0
  },
  {
    "_id": "650eff871b060eb434ba864a",
    "partner": "Rohit Sawant ",
    "full_name": "Shashank Anil gupta",
    "phone_number": "09321822208",
    "pan_number": "1234566887",
    "aadhar_number": "123456789123",
    "lender_bank": "Stashfin",
    "amount": 150000,
    "createdAt": "2023-09-23T15:08:55.352Z",
    "updatedAt": "2023-09-23T15:08:55.352Z",
    "__v": 0
  },
  {
    "_id": "651054ef565e78128cc11c6b",
    "partner": "Kapil Meshram",
    "full_name": "Dhanraj Vishwas Patil",
    "phone_number": "8080939661",
    "pan_number": "GLQPP2149E",
    "aadhar_number": "913880954556",
    "lender_bank": "Stashfin",
    "amount": 500000,
    "createdAt": "2023-09-24T15:25:35.119Z",
    "updatedAt": "2023-09-24T15:25:35.119Z",
    "__v": 0
  },
  {
    "_id": "65112268565e78128cc11c90",
    "partner": "SRINIVAS",
    "full_name": "GEETHA K C",
    "phone_number": "8722866148",
    "pan_number": "CJZPG4086Q",
    "aadhar_number": "507612410906",
    "lender_bank": "Stashfin",
    "amount": 200000,
    "createdAt": "2023-09-25T06:02:16.999Z",
    "updatedAt": "2023-09-25T06:02:16.999Z",
    "__v": 0
  },
  {
    "_id": "65115272565e78128cc11d14",
    "partner": "PHOENIX TECHNOLOGY",
    "full_name": "BHAVYA H C",
    "phone_number": "7483833425",
    "pan_number": "ADEPH8114R",
    "aadhar_number": "430330253436",
    "lender_bank": "Stashfin",
    "amount": 200000,
    "createdAt": "2023-09-25T09:27:14.805Z",
    "updatedAt": "2023-09-25T09:27:14.805Z",
    "__v": 0
  },
  {
    "_id": "65115638565e78128cc11d2c",
    "partner": "PHOENIX TECHNOLOGY",
    "full_name": "SIDDAGANGAPPA R C",
    "phone_number": "9686857723",
    "pan_number": "PMTPS3163J",
    "aadhar_number": "984607028624",
    "lender_bank": "Stashfin",
    "amount": 200000,
    "createdAt": "2023-09-25T09:43:20.842Z",
    "updatedAt": "2023-09-25T09:43:20.842Z",
    "__v": 0
  },
  {
    "_id": "651160be565e78128cc11d7a",
    "partner": "MANOJ SHARMA",
    "full_name": "MANOJ SHARMA",
    "phone_number": "7699559606",
    "pan_number": "CHQPS4306G",
    "aadhar_number": "339274297994",
    "lender_bank": "Stashfin",
    "amount": 290000,
    "createdAt": "2023-09-25T10:28:14.094Z",
    "updatedAt": "2023-09-25T10:28:14.094Z",
    "__v": 0
  },
  {
    "_id": "6512b106565e78128cc11fc2",
    "partner": "MITHU MONDAL",
    "full_name": "PRIYA MONDAL",
    "phone_number": "8514881378",
    "pan_number": "HYHPM3867B",
    "aadhar_number": "318386811076",
    "lender_bank": "Stashfin",
    "amount": 10000,
    "createdAt": "2023-09-26T10:23:02.613Z",
    "updatedAt": "2023-09-26T10:23:02.613Z",
    "__v": 0
  },
  {
    "_id": "6512b497565e78128cc11fcf",
    "partner": "PHOENIX TECHNOLOGY",
    "full_name": "PRABHAVATHI ",
    "phone_number": "8884986272",
    "pan_number": "DOMPK3600B",
    "aadhar_number": "678490348369",
    "lender_bank": "Stashfin",
    "amount": 200000,
    "createdAt": "2023-09-26T10:38:15.915Z",
    "updatedAt": "2023-09-26T10:38:15.915Z",
    "__v": 0
  }
]